INSERT INTO public.chapters (id, name, zone, email, created_date, is_deleted, last_modified_date) VALUES ('503130f2-de91-4e32-9978-4a8e28925936', 'Aston', 'London', null, '2024-04-07 15:52:48.372440 +00:00', false, null);
INSERT INTO public.chapters (id, name, zone, email, created_date, is_deleted, last_modified_date) VALUES ('d10c1516-338e-4d8e-bf3e-e02b6376bd5a', 'Bristol', 'London', null, '2024-04-07 15:52:48.372440 +00:00', false, null);
INSERT INTO public.chapters (id, name, zone, email, created_date, is_deleted, last_modified_date) VALUES ('5e846e59-ed29-444d-a9e0-e4301b30a0ce', 'Cambridge', 'Central', null, '2024-04-07 15:52:48.372440 +00:00', false, null);
INSERT INTO public.chapters (id, name, zone, email, created_date, is_deleted, last_modified_date) VALUES ('92bb9fb3-cb61-4c77-98e7-2fb516ae0258', 'Bath', 'London', null, '2024-04-07 15:52:48.372440 +00:00', false, null);
INSERT INTO public.chapters (id, name, zone, email, created_date, is_deleted, last_modified_date) VALUES ('5e779d5a-220d-4ce1-90d5-1309ab8b8971', 'ARU', 'London', null, '2024-04-07 15:52:48.372440 +00:00', false, null);
INSERT INTO public.chapters (id, name, zone, email, created_date, is_deleted, last_modified_date) VALUES ('ebbd8d56-cad1-470e-8215-d798425d97b5', 'Brunel', 'North', null, '2024-04-07 15:52:48.372440 +00:00', false, null);
INSERT INTO public.chapters (id, name, zone, email, created_date, is_deleted, last_modified_date) VALUES ('70a96d7c-90fb-40d6-8797-6144f5d4c908', 'Cardiff', 'South', null, '2024-04-10 20:25:58.593917 +00:00', false, null);
INSERT INTO public.chapters (id, name, zone, email, created_date, is_deleted, last_modified_date) VALUES ('1f45e0cf-8955-40ad-a96b-e9fedd1cf087', 'City', 'London', null, '2024-04-10 20:25:58.593917 +00:00', false, null);
INSERT INTO public.chapters (id, name, zone, email, created_date, is_deleted, last_modified_date) VALUES ('7a6a064f-fc45-46f8-b112-036f38a56af4', 'Coventry', 'Central', null, '2024-04-10 20:25:58.593917 +00:00', false, null);
INSERT INTO public.chapters (id, name, zone, email, created_date, is_deleted, last_modified_date) VALUES ('24cde3fe-f149-417b-a881-ef6f39090fe5', 'DMU', 'Central', null, '2024-04-10 20:25:58.593917 +00:00', false, null);
INSERT INTO public.chapters (id, name, zone, email, created_date, is_deleted, last_modified_date) VALUES ('46d80a33-b498-427b-955f-21482b729f31', 'Dhyan', 'London', null, '2024-04-10 20:25:58.593917 +00:00', false, null);
INSERT INTO public.chapters (id, name, zone, email, created_date, is_deleted, last_modified_date) VALUES ('832ef517-a482-4884-b68a-5119f74bd704', 'Dundee', 'North', null, '2024-04-10 20:25:58.593917 +00:00', false, null);
INSERT INTO public.chapters (id, name, zone, email, created_date, is_deleted, last_modified_date) VALUES ('f2721f01-9871-4a65-9eae-62ebbe198902', 'Edinburgh', 'North', null, '2024-04-10 20:25:58.593917 +00:00', false, null);
INSERT INTO public.chapters (id, name, zone, email, created_date, is_deleted, last_modified_date) VALUES ('61a3aa0d-f72f-4d37-9a2e-e372e250eae0', 'Essex', 'London', null, '2024-04-10 20:25:58.593917 +00:00', false, null);
INSERT INTO public.chapters (id, name, zone, email, created_date, is_deleted, last_modified_date) VALUES ('5864f295-5191-49f6-be69-9ea571159a0a', 'Exeter', 'South', null, '2024-04-10 20:25:58.593917 +00:00', false, null);
INSERT INTO public.chapters (id, name, zone, email, created_date, is_deleted, last_modified_date) VALUES ('4f8955ec-ec36-4d0d-b6b6-f529f8e9c80a', 'Hertfordshire', 'London', null, '2024-04-10 20:25:58.593917 +00:00', false, null);
INSERT INTO public.chapters (id, name, zone, email, created_date, is_deleted, last_modified_date) VALUES ('738053f1-5ba3-4142-8e17-708afb5364a4', 'Imperial', 'London', null, '2024-04-10 20:25:58.593917 +00:00', false, null);
INSERT INTO public.chapters (id, name, zone, email, created_date, is_deleted, last_modified_date) VALUES ('4dd0f88d-2fa0-4b7b-b042-81346888c356', 'KCL', 'London', null, '2024-04-10 20:25:58.593917 +00:00', false, null);
INSERT INTO public.chapters (id, name, zone, email, created_date, is_deleted, last_modified_date) VALUES ('ae4d34fb-a039-434e-84f3-9a5a9a816574', 'Keele', 'North', null, '2024-04-10 20:25:58.593917 +00:00', false, null);
INSERT INTO public.chapters (id, name, zone, email, created_date, is_deleted, last_modified_date) VALUES ('2ce48cef-5bda-4ee5-b276-e8a8059e0fb3', 'Kent', 'South', null, '2024-04-10 20:25:58.593917 +00:00', false, null);
INSERT INTO public.chapters (id, name, zone, email, created_date, is_deleted, last_modified_date) VALUES ('a49e2707-57df-4b04-ba7c-f7025f8728a0', 'Kingston', 'London', null, '2024-04-10 20:25:58.593917 +00:00', false, null);
INSERT INTO public.chapters (id, name, zone, email, created_date, is_deleted, last_modified_date) VALUES ('327e25ca-36ff-45ef-8fa9-d0e2e467a051', 'LSE', 'London', null, '2024-04-10 20:25:58.593917 +00:00', false, null);
INSERT INTO public.chapters (id, name, zone, email, created_date, is_deleted, last_modified_date) VALUES ('0e4d665f-d232-47f3-8857-fb1b8c07298e', 'Lancaster', 'North', null, '2024-04-10 20:25:58.593917 +00:00', false, null);
INSERT INTO public.chapters (id, name, zone, email, created_date, is_deleted, last_modified_date) VALUES ('82b2e0a2-ec31-4e3e-ad8e-040d749567f7', 'Leeds', 'North', null, '2024-04-10 20:25:58.593917 +00:00', false, null);
INSERT INTO public.chapters (id, name, zone, email, created_date, is_deleted, last_modified_date) VALUES ('b152f86c-6c78-4ef2-bd95-0a07b9b84dc7', 'Leicester', 'Central', null, '2024-04-10 20:25:58.593917 +00:00', false, null);
INSERT INTO public.chapters (id, name, zone, email, created_date, is_deleted, last_modified_date) VALUES ('37292e8b-bbbe-43c7-b6d5-03869e46ca43', 'Liverpool', 'North', null, '2024-04-10 20:25:58.593917 +00:00', false, null);
INSERT INTO public.chapters (id, name, zone, email, created_date, is_deleted, last_modified_date) VALUES ('3392dcf7-aec5-4d6d-81c5-4f6228386ec8', 'Loughborough', 'Central', null, '2024-04-10 20:25:58.593917 +00:00', false, null);
INSERT INTO public.chapters (id, name, zone, email, created_date, is_deleted, last_modified_date) VALUES ('0ae40268-3949-42fb-b321-40e53036959e', 'Manchester', 'North', null, '2024-04-10 20:25:58.593917 +00:00', false, null);
INSERT INTO public.chapters (id, name, zone, email, created_date, is_deleted, last_modified_date) VALUES ('efb42072-690e-4859-b99b-e0a9e14c6349', 'NTU', 'Central', null, '2024-04-10 20:25:58.593917 +00:00', false, null);
INSERT INTO public.chapters (id, name, zone, email, created_date, is_deleted, last_modified_date) VALUES ('e9db31ca-bcff-4110-b155-aaafb7b6f0e2', 'Northampton', 'Central', null, '2024-04-10 20:25:58.593917 +00:00', false, null);
INSERT INTO public.chapters (id, name, zone, email, created_date, is_deleted, last_modified_date) VALUES ('cc88012e-7fc1-4cd5-96fc-fd52a9085032', 'Nottingham', 'Central', null, '2024-04-10 20:25:58.593917 +00:00', false, null);
INSERT INTO public.chapters (id, name, zone, email, created_date, is_deleted, last_modified_date) VALUES ('5406c5f6-f214-44b6-802a-a8ff295a3a19', 'Oxford', 'South', null, '2024-04-10 20:25:58.593917 +00:00', false, null);
INSERT INTO public.chapters (id, name, zone, email, created_date, is_deleted, last_modified_date) VALUES ('81633724-360b-47ef-9bff-c655153f95c6', 'Plymouth', 'South', null, '2024-04-10 20:25:58.593917 +00:00', false, null);
INSERT INTO public.chapters (id, name, zone, email, created_date, is_deleted, last_modified_date) VALUES ('6443e93b-0e6b-4b6a-9bad-f04d252bb8e0', 'Portsmouth', 'South', null, '2024-04-10 20:25:58.593917 +00:00', false, null);
INSERT INTO public.chapters (id, name, zone, email, created_date, is_deleted, last_modified_date) VALUES ('6bbbbf81-dbe6-4913-a28c-53db1c9069a5', 'QM', 'London', null, '2024-04-10 20:25:58.593917 +00:00', false, null);
INSERT INTO public.chapters (id, name, zone, email, created_date, is_deleted, last_modified_date) VALUES ('94f1aa9f-202f-4809-9b32-6866458c6f8a', 'Reading', 'South', null, '2024-04-10 20:25:58.593917 +00:00', false, null);
INSERT INTO public.chapters (id, name, zone, email, created_date, is_deleted, last_modified_date) VALUES ('6002a434-5ff4-410e-961b-644ba8ca6c94', 'SOAS', 'London', null, '2024-04-10 20:25:58.593917 +00:00', false, null);
INSERT INTO public.chapters (id, name, zone, email, created_date, is_deleted, last_modified_date) VALUES ('edb277b8-eec2-40e4-963f-d5fab5416d01', 'Sheffield', 'North', null, '2024-04-10 20:25:58.593917 +00:00', false, null);
INSERT INTO public.chapters (id, name, zone, email, created_date, is_deleted, last_modified_date) VALUES ('c8ee2528-ec91-4991-bc40-bb5ae45ac955', 'Southampton', 'South', null, '2024-04-10 20:25:58.593917 +00:00', false, null);
INSERT INTO public.chapters (id, name, zone, email, created_date, is_deleted, last_modified_date) VALUES ('f6e5a4ac-0603-41b8-b1fa-c374892492a6', 'Surrey', 'South', null, '2024-04-10 20:25:58.593917 +00:00', false, null);
INSERT INTO public.chapters (id, name, zone, email, created_date, is_deleted, last_modified_date) VALUES ('b9ad58b4-0782-4a41-a160-0fc727fe7d24', 'Swansea', 'South', null, '2024-04-10 20:25:58.593917 +00:00', false, null);
INSERT INTO public.chapters (id, name, zone, email, created_date, is_deleted, last_modified_date) VALUES ('8e91f050-6981-44a0-941a-82b8ae2e62c5', 'Trafford', 'North', null, '2024-04-10 20:25:58.593917 +00:00', false, null);
INSERT INTO public.chapters (id, name, zone, email, created_date, is_deleted, last_modified_date) VALUES ('bf87db37-2e1b-4961-be17-3a1fd1dd672f', 'UCLAN', 'North', null, '2024-04-10 20:25:58.593917 +00:00', false, null);
INSERT INTO public.chapters (id, name, zone, email, created_date, is_deleted, last_modified_date) VALUES ('6bcb7590-fce8-41ce-8916-cadb9dd1c7e6', 'UEA', 'Central', null, '2024-04-10 20:25:58.593917 +00:00', false, null);
INSERT INTO public.chapters (id, name, zone, email, created_date, is_deleted, last_modified_date) VALUES ('c984e171-88d1-48d9-ba1a-b01243b620b5', 'UWE', 'South', null, '2024-04-10 20:25:58.593917 +00:00', false, null);
INSERT INTO public.chapters (id, name, zone, email, created_date, is_deleted, last_modified_date) VALUES ('592d0a72-aee3-405a-bedf-72d43eac9fc3', 'UoB', 'Central', null, '2024-04-10 20:25:58.593917 +00:00', false, null);
INSERT INTO public.chapters (id, name, zone, email, created_date, is_deleted, last_modified_date) VALUES ('99f7ef03-f2a0-4004-8a01-51c9c495aee4', 'Warwick', 'Central', null, '2024-04-10 20:25:58.593917 +00:00', false, null);
INSERT INTO public.chapters (id, name, zone, email, created_date, is_deleted, last_modified_date) VALUES ('bbf3df01-4149-42fd-80a2-557ce4e09447', 'Westminster', 'London', null, '2024-04-10 20:25:58.593917 +00:00', false, null);
INSERT INTO public.chapters (id, name, zone, email, created_date, is_deleted, last_modified_date) VALUES ('a7298a2c-093e-4c3e-b0f6-0b7eb0455399', 'York', 'North', null, '2024-04-10 20:25:58.593917 +00:00', false, null);
INSERT INTO public.chapters (id, name, zone, email, created_date, is_deleted, last_modified_date) VALUES ('29c27eb0-094b-481e-9c49-0ced7e5c80fd', 'St_Georges', 'London', null, '2024-04-10 20:25:58.593917 +00:00', false, null);
INSERT INTO public.chapters (id, name, zone, email, created_date, is_deleted, last_modified_date) VALUES ('e1edf9fc-2138-412b-83fd-06299951296a', 'Brighton_and_Sussex', 'South', null, '2024-04-10 20:25:58.593917 +00:00', false, null);
INSERT INTO public.chapters (id, name, zone, email, created_date, is_deleted, last_modified_date) VALUES ('061fb843-8a04-4a8c-8e6a-fa188cbe7a35', 'Oxford_Brookes', 'South', null, '2024-04-10 20:25:58.593917 +00:00', false, null);

INSERT INTO public.section (id, name, is_deleted) VALUES (1, 'Campus', false);
INSERT INTO public.section (id, name, is_deleted) VALUES (2, 'Finance', false);
INSERT INTO public.section (id, name, is_deleted) VALUES (3, 'Events', false);
INSERT INTO public.section (id, name, is_deleted) VALUES (4, 'Sampark', false);
INSERT INTO public.section (id, name, is_deleted) VALUES (5, 'Sanskaar', false);


INSERT INTO public.health_questions (id, question, section_id, created_date, is_deleted, last_modified_date) VALUES (3, 'NHSF (UK) Relationship', 1, '2024-04-10 01:22:31.243597 +00:00', false, null);
INSERT INTO public.health_questions (id, question, section_id, created_date, is_deleted, last_modified_date) VALUES (1, 'Committee Relationships', 1, '2024-04-08 14:50:20.721958 +00:00', false, null);
INSERT INTO public.health_questions (id, question, section_id, created_date, is_deleted, last_modified_date) VALUES (4, 'Financial Planning', 2, '2024-04-10 01:26:07.630183 +00:00', false, null);
INSERT INTO public.health_questions (id, question, section_id, created_date, is_deleted, last_modified_date) VALUES (2, 'SU Relationships', 1, '2024-04-10 01:22:18.572606 +00:00', false, null);
INSERT INTO public.health_questions (id, question, section_id, created_date, is_deleted, last_modified_date) VALUES (5, 'Income Generation', 2, '2024-04-10 01:30:23.775051 +00:00', false, null);
INSERT INTO public.health_questions (id, question, section_id, created_date, is_deleted, last_modified_date) VALUES (6, 'SU Relationships', 2, '2024-04-10 01:30:23.775051 +00:00', false, null);
INSERT INTO public.health_questions (id, question, section_id, created_date, is_deleted, last_modified_date) VALUES (7, 'Interaction with other societies/chapters', 3, '2024-04-10 01:30:23.775051 +00:00', false, null);
INSERT INTO public.health_questions (id, question, section_id, created_date, is_deleted, last_modified_date) VALUES (8, 'Engagement with zonal/national events', 3, '2024-04-10 01:30:23.775051 +00:00', false, null);
INSERT INTO public.health_questions (id, question, section_id, created_date, is_deleted, last_modified_date) VALUES (9, 'Relationships with suppliers/vendors', 3, '2024-04-10 01:30:23.775051 +00:00', false, null);
INSERT INTO public.health_questions (id, question, section_id, created_date, is_deleted, last_modified_date) VALUES (10, 'Social Media Performance', 4, '2024-04-10 01:30:23.775051 +00:00', false, null);
INSERT INTO public.health_questions (id, question, section_id, created_date, is_deleted, last_modified_date) VALUES (11, 'Interaction with NHSF (UK)', 4, '2024-04-10 01:30:23.775051 +00:00', false, null);
INSERT INTO public.health_questions (id, question, section_id, created_date, is_deleted, last_modified_date) VALUES (12, 'Social Media Outreach', 4, '2024-04-10 01:30:23.775051 +00:00', false, null);
INSERT INTO public.health_questions (id, question, section_id, created_date, is_deleted, last_modified_date) VALUES (13, 'Aarti & Learning Sessions', 5, '2024-04-10 01:30:23.775051 +00:00', false, null);
INSERT INTO public.health_questions (id, question, section_id, created_date, is_deleted, last_modified_date) VALUES (14, 'Sewa Intiatives', 5, '2024-04-10 01:30:23.775051 +00:00', false, null);
INSERT INTO public.health_questions (id, question, section_id, created_date, is_deleted, last_modified_date) VALUES (15, 'Collaborations with Samaj', 5, '2024-04-10 01:30:23.775051 +00:00', false, null);


INSERT INTO public.chapter_health (id, chapter_id, health_question_id, score, comments, year, month, created_date, is_deleted, last_modified_date) VALUES ('86781c3f-e0d9-47c2-9bbe-a818ecd1d5d6', '5e779d5a-220d-4ce1-90d5-1309ab8b8971', 4, 1, null, 2024, 4, '2024-04-10 00:25:36.030040 +00:00', false, null);
INSERT INTO public.chapter_health (id, chapter_id, health_question_id, score, comments, year, month, created_date, is_deleted, last_modified_date) VALUES ('688ced86-9b1a-4dfc-95ef-7fc49f158452', '5e779d5a-220d-4ce1-90d5-1309ab8b8971', 3, 5, null, 2024, 4, '2024-04-10 00:46:11.571717 +00:00', false, '2024-04-10 00:47:48.713202 +00:00');
INSERT INTO public.chapter_health (id, chapter_id, health_question_id, score, comments, year, month, created_date, is_deleted, last_modified_date) VALUES ('ec525828-786b-4f47-bc67-9470231dfe92', '5e779d5a-220d-4ce1-90d5-1309ab8b8971', 1, 3, 'good ', 2024, 4, '2024-04-08 13:51:51.733383 +00:00', false, '2024-04-10 00:47:48.721542 +00:00');
INSERT INTO public.chapter_health (id, chapter_id, health_question_id, score, comments, year, month, created_date, is_deleted, last_modified_date) VALUES ('fd1bfb53-c268-4d99-89ad-f7643165bb3c', '5e779d5a-220d-4ce1-90d5-1309ab8b8971', 2, 4, null, 2024, 4, '2024-04-10 00:47:22.454179 +00:00', false, null);
INSERT INTO public.chapter_health (id, chapter_id, health_question_id, score, comments, year, month, created_date, is_deleted, last_modified_date) VALUES ('cff4314d-552e-4ef8-b0bd-e7062d7e7f9f', '5e779d5a-220d-4ce1-90d5-1309ab8b8971', 3, 5, null, 2024, 5, '2024-04-10 00:48:32.785266 +00:00', false, '2024-04-10 00:49:32.341610 +00:00');
INSERT INTO public.chapter_health (id, chapter_id, health_question_id, score, comments, year, month, created_date, is_deleted, last_modified_date) VALUES ('dcd1c535-97b1-4139-b71b-92c978bc9052', '5e779d5a-220d-4ce1-90d5-1309ab8b8971', 1, 1, null, 2024, 5, '2024-04-10 00:48:32.785266 +00:00', false, '2024-04-10 00:49:32.349342 +00:00');
INSERT INTO public.chapter_health (id, chapter_id, health_question_id, score, comments, year, month, created_date, is_deleted, last_modified_date) VALUES ('8354f5a1-d9f6-4a8c-b0e4-ff5888acb168', '5e779d5a-220d-4ce1-90d5-1309ab8b8971', 2, 2, null, 2024, 5, '2024-04-10 00:48:32.785266 +00:00', false, '2024-04-10 00:49:32.357256 +00:00');
INSERT INTO public.chapter_health (id, chapter_id, health_question_id, score, comments, year, month, created_date, is_deleted, last_modified_date) VALUES ('62f6ab86-6592-45ae-a993-da3d65a8c963', '5e779d5a-220d-4ce1-90d5-1309ab8b8971', 1, 1, null, 2024, 6, '2024-04-10 00:48:32.785266 +00:00', false, '2024-04-10 00:55:14.203732 +00:00');
INSERT INTO public.chapter_health (id, chapter_id, health_question_id, score, comments, year, month, created_date, is_deleted, last_modified_date) VALUES ('42f47008-69ed-4c79-bb37-d63cf5ce494b', '5e779d5a-220d-4ce1-90d5-1309ab8b8971', 2, 3, null, 2024, 6, '2024-04-10 00:48:32.785266 +00:00', false, '2024-04-10 00:55:14.213957 +00:00');
INSERT INTO public.chapter_health (id, chapter_id, health_question_id, score, comments, year, month, created_date, is_deleted, last_modified_date) VALUES ('e82c7005-5682-4669-a11a-6039c17512c2', '5e779d5a-220d-4ce1-90d5-1309ab8b8971', 3, 7, null, 2024, 6, '2024-04-10 00:48:32.785266 +00:00', false, '2024-04-10 00:55:14.220799 +00:00');
